{"coordinates": [8.608921, 49.725883], "image_url": "https://upload.wikimedia.org/wikipedia/commons/d/da/Bahnhof_Zwingenberg_01.jpg", "description": "German rail station", "wikipedia": "https://en.wikipedia.org/wiki/Zwingenberg_(Bergstra%C3%9Fe)_station", "name": "Zwingenberg (Bergstr)", "address": {"road": "Gartenfeld", "town": "Zwingenberg", "state": "Hessen", "county": "Kreis Bergstra\u00dfe", "country": "Deutschland", "postcode": "64673", "country_code": "de", "house_number": "12"}, "text": "What place is this photograph depicting? Hint: Its a German rail station. #photography", "post_id": "18121621045230648", "tweet_id": "1413679940625526785"}
{"coordinates": [-79.238892, 42.091389], "image_url": "https://upload.wikimedia.org/wikipedia/commons/c/c8/Gov._Reuben_Fenton_Mansion_Nov_10.JPG", "description": "historisch huis in New York, Verenigde Staten van Amerika", "wikipedia": "https://en.wikipedia.org/wiki/Gov._Reuben_Fenton_Mansion", "name": "Gov. Reuben Fenton Mansion", "address": {"city": "Jamestown", "road": "Washington Street", "state": "New York", "county": "Chautauqua County", "country": "United States of America", "postcode": "14701", "country_code": "us", "house_number": "73"}, "text": "Try to name this location. Hint: Its a historisch huis in New York, Verenigde Staten van Amerika. #picoftheday #architecture #history", "post_id": "17929133503619112", "tweet_id": "1413694853544742923"}
{"coordinates": [17.079102, 51.134529], "image_url": "https://upload.wikimedia.org/wikipedia/commons/7/78/Wroclaw-Mirowiec-kosciolMBMilosierdzia.jpg", "description": "parafia rzymskokatolicka w archidiecezji wroc\u0142awskiej", "name": "Ko\u015bci\u00f3\u0142 pw. Naj\u015bwi\u0119tszej Maryi Panny Matki Mi\u0142osierdzia", "address": {"city": "Wroc\u0142aw", "road": "Aleja Aleksandra Br\u00fccknera", "house": "Ko\u015bci\u00f3\u0142 pw. Naj\u015bwi\u0119tszej Maryi Panny Matki Mi\u0142osierdzia", "state": "dolno\u015bl\u0105skie", "county": "Wroc\u0142aw", "suburb": "Kar\u0142owice", "country": "Polska", "postcode": "51-411", "country_code": "pl", "house_number": "20", "city_district": "Osiedle Kar\u0142owice-R\u00f3\u017canka"}, "text": "What place is this photo depicting? Hint: Its a parafia rzymskokatolicka w archidiecezji wroc\u0142awskiej. #photography", "post_id": "17902643903060447", "tweet_id": "1413732859819425792"}
